"Quarterly Producer Price Index for Agriculture, by Commodity Group and by Region (2018=100) : First Quarter 2018 to Third Quarter 2021 by Region, Commodity, Year and Period"

"Region";"Commodity";"2018 First Quarter (Jan-Mar)";"2018 Second Quarter (Apr-Jun)";"2018 Third Quarter (Jul-Sep)";"2018 Fourth Quarter (Oct-Dec)";"2018 Average (Jan-Dec)";"2019 First Quarter (Jan-Mar)";"2019 Second Quarter (Apr-Jun)";"2019 Third Quarter (Jul-Sep)";"2019 Fourth Quarter (Oct-Dec)";"2019 Average (Jan-Dec)";"2020 First Quarter (Jan-Mar)";"2020 Second Quarter (Apr-Jun)";"2020 Third Quarter (Jul-Sep)";"2020 Fourth Quarter (Oct-Dec)";"2020 Average (Jan-Dec)";"2021 First Quarter (Jan-Mar)";"2021 Second Quarter (Apr-Jun)";"2021 Third Quarter (Jul-Sep)";"2021 Fourth Quarter (Oct-Dec)";"2021 Average (Jan-Dec)"
"PHILIPPINES";"AGRICULTURE";95.4;101.7;104.4;98.4;100.0;96.0;96.4;93.4;91.7;94.4;93.7;95.2;95.1;96.2;95.1;101.7;103.4;104.0;..;..
"PHILIPPINES";"..CROPS";94.2;102.5;105.3;98.0;100.0;95.2;95.6;91.6;89.9;93.1;92.9;95.1;94.9;92.9;94.0;95.8;98.8;101.8;..;..
"PHILIPPINES";"….Cereals";96.3;101.0;105.7;97.1;100.0;93.4;89.3;81.8;74.9;84.9;80.8;89.4;83.5;77.3;82.8;85.2;86.9;87.7;..;..
"PHILIPPINES";"….Rootcrops";97.1;92.1;102.6;108.2;100.0;101.4;110.8;125.0;122.8;115.0;119.9;124.1;118.3;117.0;119.8;121.3;88.1;94.5;..;..
"PHILIPPINES";"….Beans and Legumes";100.1;96.0;106.1;97.8;100.0;95.5;95.6;93.6;94.4;94.8;94.9;91.2;78.2;117.1;95.4;94.5;89.9;90.1;..;..
"PHILIPPINES";"….Condiments";84.7;90.1;111.4;113.8;100.0;62.8;59.0;79.6;88.6;72.5;86.4;82.5;97.0;122.8;97.2;116.3;91.0;99.8;..;..
"PHILIPPINES";"….Fruit Vegetables";90.5;91.1;121.9;96.5;100.0;77.0;82.6;89.5;91.9;85.3;75.7;71.1;67.1;115.7;82.4;83.6;60.3;82.2;..;..
"PHILIPPINES";"….Leafy Vegetables";85.8;93.1;129.2;91.9;100.0;65.9;83.7;74.2;74.7;74.6;47.5;73.0;40.4;105.2;66.5;87.2;39.4;90.0;..;..
"PHILIPPINES";"….Fruits";102.9;96.6;96.5;104.0;100.0;104.4;95.9;98.7;109.4;102.1;107.1;102.6;102.1;111.0;105.7;109.6;102.1;93.1;..;..
"PHILIPPINES";"….Commercial Crops";91.9;105.2;105.8;97.1;100.0;96.2;100.2;96.2;96.9;97.4;98.1;97.1;101.6;97.6;98.6;98.9;109.2;113.5;..;..
"PHILIPPINES";"..LIVESTOCK AND POULTRY";98.8;101.6;101.7;97.9;100.0;94.1;96.5;95.5;91.9;94.5;91.9;95.5;97.6;111.4;99.1;133.2;131.0;119.4;..;..
"PHILIPPINES";"….Livestock";97.9;101.8;101.1;99.2;100.0;96.2;96.4;93.1;85.7;92.9;89.3;96.7;99.1;113.6;99.7;138.2;144.1;130.4;..;..
"PHILIPPINES";"….Poultry";101.2;101.1;103.2;94.5;100.0;89.7;96.8;101.3;110.1;99.5;98.6;92.9;94.2;106.4;98.0;122.6;107.8;99.5;..;..
"PHILIPPINES";"..FISHERY";97.6;96.9;103.1;102.4;100.0;104.5;101.2;100.7;103.2;102.4;102.3;95.5;92.7;95.3;96.5;100.6;97.2;96.0;..;..
"PHILIPPINES";"….Aquaculture";98.9;97.4;100.4;103.4;100.0;105.2;100.2;96.8;101.3;100.9;101.8;100.4;89.6;97.0;97.2;104.5;98.7;95.8;..;..
"PHILIPPINES";"….Commercial Fishery";99.9;95.6;103.0;101.5;100.0;107.4;105.9;108.5;108.9;107.7;106.3;91.1;96.2;99.6;98.3;108.2;106.8;106.1;..;..
"PHILIPPINES";"….Inland Municipal Fishery";94.7;100.4;100.4;104.5;100.0;97.3;97.9;94.2;100.9;97.6;94.1;96.3;92.8;95.9;94.8;83.9;87.6;89.4;..;..
"PHILIPPINES";"….Marine Municipal Fishery";94.4;96.7;107.4;101.5;100.0;102.1;99.9;102.1;102.3;101.6;101.5;92.1;94.9;90.4;94.7;93.4;90.9;91.1;..;..
"..CORDILLERA ADMINISTRATIVE REGION (CAR)";"AGRICULTURE";91.2;89.6;116.6;102.6;100.0;79.7;89.3;88.6;84.3;85.5;57.9;70.2;52.9;76.4;64.4;91.6;56.0;90.5;..;..
"..CORDILLERA ADMINISTRATIVE REGION (CAR)";"..CROPS";90.2;87.4;120.0;102.4;100.0;75.7;86.5;85.7;81.3;82.3;52.2;64.7;46.9;70.2;58.5;84.8;48.5;82.3;..;..
"..CORDILLERA ADMINISTRATIVE REGION (CAR)";"….Cereals";93.1;99.5;110.5;96.8;100.0;93.9;87.1;86.8;74.5;85.6;83.6;87.5;84.1;79.7;83.7;86.3;89.4;95.3;..;..
"..CORDILLERA ADMINISTRATIVE REGION (CAR)";"….Rootcrops";95.9;68.2;109.8;126.1;100.0;64.0;89.4;98.6;126.6;94.7;75.2;91.7;68.3;88.8;81.0;102.8;35.3;64.5;..;..
"..CORDILLERA ADMINISTRATIVE REGION (CAR)";"….Beans and Legumes";77.8;74.4;140.9;106.9;100.0;67.5;110.4;124.8;110.2;103.2;65.9;70.2;89.6;149.1;93.7;61.7;85.7;95.5;..;..
"..CORDILLERA ADMINISTRATIVE REGION (CAR)";"….Condiments";67.8;95.9;121.2;115.1;100.0;53.0;94.5;135.4;120.6;100.9;82.4;60.0;77.2;132.1;87.9;92.3;58.4;70.3;..;..
"..CORDILLERA ADMINISTRATIVE REGION (CAR)";"….Fruit Vegetables";80.8;74.7;138.7;105.8;100.0;72.2;72.1;66.6;58.0;67.2;62.8;60.7;37.8;60.9;55.6;42.3;42.7;71.3;..;..
"..CORDILLERA ADMINISTRATIVE REGION (CAR)";"….Leafy Vegetables";77.0;85.4;154.4;83.2;100.0;46.1;62.9;53.7;56.4;54.8;30.9;57.8;24.9;99.2;53.2;79.0;24.2;84.6;..;..
"..CORDILLERA ADMINISTRATIVE REGION (CAR)";"….Fruits";82.7;89.8;109.8;117.6;100.0;121.8;120.8;112.9;99.2;113.7;100.3;103.4;96.1;94.0;98.5;101.3;96.4;102.2;..;..
"..CORDILLERA ADMINISTRATIVE REGION (CAR)";"….Commercial Crops";100.1;103.7;103.7;92.6;100.0;108.3;116.6;116.6;83.3;106.2;104.7;115.2;115.2;100.0;108.8;94.6;84.2;102.9;..;..
"..CORDILLERA ADMINISTRATIVE REGION (CAR)";"..LIVESTOCK AND POULTRY";95.0;100.8;101.8;102.3;100.0;100.6;102.4;101.2;97.1;100.3;100.5;104.9;106.3;118.1;107.5;137.8;150.0;153.6;..;..
"..CORDILLERA ADMINISTRATIVE REGION (CAR)";"….Livestock";95.4;101.4;101.9;101.3;100.0;98.9;100.7;97.7;93.8;97.8;94.6;99.2;101.8;114.1;102.4;138.0;151.1;154.0;..;..
"..CORDILLERA ADMINISTRATIVE REGION (CAR)";"….Poultry";92.5;97.2;101.5;108.7;100.0;111.8;114.3;126.5;120.8;118.4;131.2;132.7;123.7;130.9;129.6;136.7;144.5;151.6;..;..
"..CORDILLERA ADMINISTRATIVE REGION (CAR)";"..FISHERY";95.7;98.9;103.3;102.0;100.0;94.7;100.5;106.5;106.0;101.9;114.4;116.5;114.4;114.7;115.0;102.7;102.7;107.9;..;..
"..CORDILLERA ADMINISTRATIVE REGION (CAR)";"….Aquaculture";96.0;99.5;104.5;100.0;100.0;90.6;100.6;106.6;104.6;100.6;105.4;111.3;107.1;107.0;107.7;105.4;104.8;108.0;..;..
"..CORDILLERA ADMINISTRATIVE REGION (CAR)";"….Commercial Fishery";0.0;0.0;0.0;0.0;0.0;0.0;0.0;0.0;0.0;0.0;0.0;0.0;0.0;0.0;0.0;0.0;0.0;0.0;..;..
"..CORDILLERA ADMINISTRATIVE REGION (CAR)";"….Inland Municipal Fishery";94.7;97.1;100.0;108.2;100.0;106.8;99.7;105.7;109.3;105.4;113.6;104.9;108.6;109.8;109.2;96.0;97.2;107.3;..;..
"..CORDILLERA ADMINISTRATIVE REGION (CAR)";"….Marine Municipal Fishery";0.0;0.0;0.0;0.0;0.0;0.0;0.0;0.0;0.0;0.0;0.0;0.0;0.0;0.0;0.0;0.0;0.0;0.0;..;..
"..REGION I (ILOCOS REGION)";"AGRICULTURE";95.7;94.5;107.8;102.0;100.0;91.3;88.7;89.7;89.4;89.8;77.7;76.3;75.9;87.6;79.4;96.9;93.2;96.2;..;..
"..REGION I (ILOCOS REGION)";"..CROPS";93.0;92.5;111.9;102.5;100.0;86.5;82.5;84.0;83.1;84.0;67.8;65.3;65.6;77.1;69.0;87.4;82.6;86.5;..;..
"..REGION I (ILOCOS REGION)";"….Cereals";96.7;97.7;107.8;97.8;100.0;94.3;88.3;82.6;75.9;85.3;81.5;88.2;86.7;83.0;84.9;90.2;90.7;88.3;..;..
"..REGION I (ILOCOS REGION)";"….Rootcrops";85.6;90.0;117.1;107.2;100.0;92.2;95.4;112.3;110.0;102.5;101.5;113.3;116.8;130.4;115.5;102.8;93.8;106.8;..;..
"..REGION I (ILOCOS REGION)";"….Beans and Legumes";92.9;102.4;103.2;101.5;100.0;91.1;85.5;86.9;95.4;89.7;98.2;94.7;83.3;103.3;94.9;95.2;92.1;91.1;..;..
"..REGION I (ILOCOS REGION)";"….Condiments";72.2;76.2;144.5;107.1;100.0;48.6;66.0;117.2;96.7;82.1;84.3;87.2;98.7;131.0;100.3;88.4;84.4;101.8;..;..
"..REGION I (ILOCOS REGION)";"….Fruit Vegetables";67.5;86.2;145.6;100.7;100.0;50.0;66.9;86.3;82.0;71.3;52.8;52.6;64.0;117.2;71.7;57.4;49.4;73.7;..;..
"..REGION I (ILOCOS REGION)";"….Leafy Vegetables";80.4;106.4;105.5;107.8;100.0;95.6;92.1;105.8;111.3;101.2;80.9;75.9;79.9;124.0;90.2;82.2;76.3;91.5;..;..
"..REGION I (ILOCOS REGION)";"….Fruits";94.9;72.9;110.5;121.8;100.0;88.7;64.1;72.9;108.6;83.6;96.0;57.1;55.1;120.0;82.1;100.0;78.5;82.2;..;..
"..REGION I (ILOCOS REGION)";"….Commercial Crops";99.8;99.9;99.7;100.6;100.0;94.0;93.5;93.3;94.5;93.8;99.1;84.9;83.0;92.5;89.9;89.8;84.5;84.5;..;..
"..REGION I (ILOCOS REGION)";"..LIVESTOCK AND POULTRY";97.2;101.0;101.2;100.6;100.0;99.1;101.0;99.8;98.7;99.7;101.7;103.7;105.8;122.0;108.3;130.5;136.8;132.8;..;..
"..REGION I (ILOCOS REGION)";"….Livestock";97.2;101.4;101.2;100.2;100.0;98.5;100.8;99.1;97.6;99.0;100.4;102.6;104.9;123.2;107.8;133.3;140.8;136.3;..;..
"..REGION I (ILOCOS REGION)";"….Poultry";97.3;98.2;101.2;103.3;100.0;103.1;102.7;104.8;106.7;104.3;108.9;109.4;110.6;114.3;110.8;116.1;117.2;115.7;..;..
"..REGION I (ILOCOS REGION)";"..FISHERY";105.6;94.7;99.4;100.3;100.0;101.7;101.2;101.8;105.7;102.6;102.2;106.7;98.3;104.2;102.9;106.6;103.2;105.4;..;..
"..REGION I (ILOCOS REGION)";"….Aquaculture";108.6;93.0;98.4;100.0;100.0;101.9;99.6;100.5;105.3;101.8;99.3;103.9;94.5;101.6;99.8;106.3;104.0;104.3;..;..
"..REGION I (ILOCOS REGION)";"….Commercial Fishery";97.9;97.8;103.0;101.2;100.0;99.8;101.9;105.4;103.9;102.8;98.2;90.9;106.7;104.9;100.2;97.3;95.9;108.0;..;..
"..REGION I (ILOCOS REGION)";"….Inland Municipal Fishery";108.6;98.6;94.6;98.3;100.0;107.5;108.6;92.1;109.2;104.4;108.9;117.6;108.1;113.8;112.1;101.0;62.8;75.3;..;..
"..REGION I (ILOCOS REGION)";"….Marine Municipal Fishery";87.8;105.9;105.2;101.1;100.0;97.8;110.7;110.3;107.0;106.5;109.3;114.0;109.1;106.8;109.8;111.9;108.8;119.4;..;..
"..REGION II (CAGAYAN VALLEY)";"AGRICULTURE";90.7;100.9;108.3;100.1;100.0;96.6;91.4;86.8;80.4;88.8;74.5;80.4;75.7;73.8;76.1;96.1;94.6;94.8;..;..
"..REGION II (CAGAYAN VALLEY)";"..CROPS";89.5;100.6;109.6;100.3;100.0;96.3;89.9;84.9;78.1;87.3;71.4;77.7;72.3;69.3;72.7;91.7;89.4;90.1;..;..
"..REGION II (CAGAYAN VALLEY)";"….Cereals";88.9;101.3;110.8;99.0;100.0;94.8;87.8;82.3;74.6;84.9;84.0;92.4;86.5;79.9;85.7;90.2;88.9;90.2;..;..
"..REGION II (CAGAYAN VALLEY)";"….Rootcrops";92.6;107.3;98.3;101.8;100.0;89.9;89.7;97.0;103.9;95.1;110.1;112.1;109.1;116.8;112.0;113.6;101.7;96.0;..;..
"..REGION II (CAGAYAN VALLEY)";"….Beans and Legumes";100.0;106.5;95.5;98.0;100.0;96.6;96.1;84.5;87.6;91.2;96.1;97.4;71.1;119.9;96.1;95.7;86.5;75.0;..;..
"..REGION II (CAGAYAN VALLEY)";"….Condiments";66.1;71.8;110.5;151.6;100.0;52.0;49.5;76.9;96.1;68.6;79.7;106.5;85.7;126.6;99.6;92.8;91.6;98.7;..;..
"..REGION II (CAGAYAN VALLEY)";"….Fruit Vegetables";100.6;93.4;108.4;97.6;100.0;81.0;80.3;76.0;93.1;82.6;66.3;62.1;41.9;76.9;61.8;95.5;57.4;53.0;..;..
"..REGION II (CAGAYAN VALLEY)";"….Leafy Vegetables";75.9;88.4;127.0;108.7;100.0;83.5;84.3;90.0;99.0;89.2;66.1;80.7;67.3;117.5;82.9;73.0;65.4;82.4;..;..
"..REGION II (CAGAYAN VALLEY)";"….Fruits";90.0;92.9;100.0;117.2;100.0;137.7;135.4;128.9;123.0;131.3;108.7;111.9;120.0;108.2;112.2;98.1;105.8;102.6;..;..
"..REGION II (CAGAYAN VALLEY)";"….Commercial Crops";103.3;102.4;96.6;97.7;100.0;95.4;102.5;101.4;103.6;100.7;104.9;107.6;104.5;107.0;106.0;107.0;93.9;101.0;..;..
"..REGION II (CAGAYAN VALLEY)";"..LIVESTOCK AND POULTRY";97.7;102.6;101.4;98.3;100.0;97.9;99.5;97.6;93.1;97.0;90.5;92.8;95.4;106.4;96.3;129.8;140.5;136.0;..;..
"..REGION II (CAGAYAN VALLEY)";"….Livestock";97.6;102.9;101.6;97.9;100.0;97.7;99.0;96.7;91.4;96.2;90.4;93.3;96.2;109.0;97.2;133.6;147.4;141.2;..;..
"..REGION II (CAGAYAN VALLEY)";"….Poultry";97.9;100.8;100.6;100.6;100.0;99.2;102.2;102.8;103.0;101.8;105.2;104.6;106.2;109.5;106.4;114.9;115.7;116.3;..;..
"..REGION II (CAGAYAN VALLEY)";"..FISHERY";100.1;100.9;99.9;99.1;100.0;99.5;103.7;103.2;103.4;102.5;108.5;109.2;102.6;106.5;106.7;107.8;105.6;99.9;..;..
"..REGION II (CAGAYAN VALLEY)";"….Aquaculture";96.7;101.5;104.6;97.3;100.0;90.9;102.1;107.0;101.4;100.4;100.6;108.0;104.9;102.0;103.9;104.5;107.6;91.7;..;..
"..REGION II (CAGAYAN VALLEY)";"….Commercial Fishery";100.5;102.4;99.1;98.0;100.0;102.8;106.0;104.3;103.8;104.2;106.0;108.6;103.2;105.5;105.8;111.7;112.8;111.0;..;..
"..REGION II (CAGAYAN VALLEY)";"….Inland Municipal Fishery";104.5;96.0;97.5;102.0;100.0;102.0;98.5;95.9;104.7;100.3;104.4;102.4;95.2;103.1;101.3;103.5;95.9;95.3;..;..
"..REGION II (CAGAYAN VALLEY)";"….Marine Municipal Fishery";99.9;101.5;98.7;99.9;100.0;100.9;104.7;103.0;103.2;103.0;109.1;105.8;97.4;103.8;104.0;111.6;107.8;106.5;..;..
"..REGION III (CENTRAL LUZON)";"AGRICULTURE";98.9;99.8;102.3;99.0;100.0;90.8;88.5;86.4;88.7;88.6;75.8;77.6;78.0;85.1;79.1;116.6;105.4;101.4;..;..
"..REGION III (CENTRAL LUZON)";"..CROPS";97.2;99.5;102.3;100.9;100.0;89.2;79.7;75.2;79.5;80.9;61.7;64.0;60.6;62.9;62.3;97.0;87.0;86.8;..;..
"..REGION III (CENTRAL LUZON)";"….Cereals";96.1;100.1;104.6;99.2;100.0;89.2;79.7;73.0;72.9;78.7;79.7;85.1;79.5;75.8;80.0;90.8;84.3;82.3;..;..
"..REGION III (CENTRAL LUZON)";"….Rootcrops";80.5;89.7;124.4;105.4;100.0;93.0;81.9;114.0;114.1;100.8;94.3;114.3;104.5;101.9;103.8;99.8;90.5;126.7;..;..
"..REGION III (CENTRAL LUZON)";"….Beans and Legumes";101.0;91.8;117.2;90.0;100.0;98.4;87.3;91.9;92.6;92.6;98.6;91.5;75.4;156.2;105.4;97.9;93.0;97.2;..;..
"..REGION III (CENTRAL LUZON)";"….Condiments";86.9;103.6;103.6;105.9;100.0;64.4;47.1;64.4;89.2;66.3;78.4;70.2;96.1;133.0;94.4;162.6;110.6;110.6;..;..
"..REGION III (CENTRAL LUZON)";"….Fruit Vegetables";87.2;88.1;131.1;93.6;100.0;75.6;69.4;81.2;98.8;81.3;79.0;68.5;66.0;141.0;88.6;85.7;49.6;82.2;..;..
"..REGION III (CENTRAL LUZON)";"….Leafy Vegetables";80.3;99.4;127.0;93.4;100.0;94.3;107.0;133.9;127.0;115.6;94.8;107.4;151.9;227.1;145.3;109.1;111.0;114.1;..;..
"..REGION III (CENTRAL LUZON)";"….Fruits";115.7;84.9;59.4;140.1;100.0;96.0;68.7;54.2;92.5;77.9;83.8;69.3;60.0;63.2;69.1;92.2;76.9;55.1;..;..
"..REGION III (CENTRAL LUZON)";"….Commercial Crops";100.0;100.1;99.9;99.9;100.0;93.6;99.6;89.6;103.9;96.7;104.8;115.4;104.0;121.1;111.3;121.8;122.1;121.2;..;..
"..REGION III (CENTRAL LUZON)";"..LIVESTOCK AND POULTRY";100.1;100.3;103.5;96.2;100.0;87.2;93.3;94.3;93.2;92.0;84.8;85.4;94.9;115.3;95.1;150.5;131.4;117.6;..;..
"..REGION III (CENTRAL LUZON)";"….Livestock";97.9;99.2;102.1;100.8;100.0;95.3;96.4;93.1;80.6;91.4;85.6;104.0;120.7;147.6;114.5;176.8;173.9;157.6;..;..
"..REGION III (CENTRAL LUZON)";"….Poultry";102.6;101.4;105.0;90.9;100.0;79.6;89.4;94.4;108.2;92.9;95.4;79.8;85.8;103.7;91.2;130.0;104.2;92.6;..;..
"..REGION III (CENTRAL LUZON)";"..FISHERY";100.7;98.9;98.3;102.1;100.0;106.9;99.9;98.1;102.9;102.0;103.2;105.3;100.6;103.5;103.2;108.2;106.1;107.0;..;..
"..REGION III (CENTRAL LUZON)";"….Aquaculture";100.0;99.6;98.2;102.2;100.0;108.2;100.3;98.1;103.4;102.5;108.2;112.9;106.5;108.8;109.1;111.9;110.8;110.5;..;..
"..REGION III (CENTRAL LUZON)";"….Commercial Fishery";109.4;92.0;100.3;98.2;100.0;98.6;79.0;84.0;92.2;88.5;84.7;68.3;67.7;71.7;73.1;96.2;73.0;65.6;..;..
"..REGION III (CENTRAL LUZON)";"….Inland Municipal Fishery";95.7;100.0;99.7;104.6;100.0;90.8;99.8;94.1;104.3;97.3;91.5;91.5;90.5;99.9;93.4;74.4;79.6;79.9;..;..
"..REGION III (CENTRAL LUZON)";"….Marine Municipal Fishery";107.4;93.8;97.8;101.0;100.0;101.3;98.5;99.4;97.0;99.1;94.7;82.8;86.3;91.4;88.8;96.3;85.3;97.5;..;..
"..REGION IV-A (CALABARZON)";"AGRICULTURE";106.2;101.9;99.0;93.0;100.0;102.2;100.7;101.0;97.0;100.2;94.2;100.4;98.2;118.7;102.9;132.7;118.5;114.7;..;..
"..REGION IV-A (CALABARZON)";"..CROPS";117.2;102.5;93.2;87.1;100.0;112.9;106.5;106.2;112.2;109.5;112.4;113.3;99.1;123.2;112.0;123.4;112.1;114.9;..;..
"..REGION IV-A (CALABARZON)";"….Cereals";95.1;99.4;105.2;100.2;100.0;94.8;84.9;73.8;72.8;81.6;81.2;89.7;84.2;75.4;82.6;88.3;88.7;84.7;..;..
"..REGION IV-A (CALABARZON)";"….Rootcrops";89.3;88.1;117.0;105.5;100.0;98.5;104.9;133.5;105.0;110.5;107.9;124.4;121.0;113.4;116.7;114.4;95.4;105.0;..;..
"..REGION IV-A (CALABARZON)";"….Beans and Legumes";103.8;99.3;100.2;96.8;100.0;104.2;89.9;95.3;78.8;92.1;106.9;103.7;66.5;140.7;104.5;106.2;95.6;106.7;..;..
"..REGION IV-A (CALABARZON)";"….Condiments";80.4;77.3;129.2;113.1;100.0;57.5;67.9;97.5;83.0;76.5;68.6;89.4;89.5;93.5;85.3;64.2;40.9;54.3;..;..
"..REGION IV-A (CALABARZON)";"….Fruit Vegetables";97.6;85.7;124.9;91.7;100.0;93.8;84.4;93.2;97.6;92.3;90.2;82.9;71.4;141.2;96.4;98.4;56.4;93.4;..;..
"..REGION IV-A (CALABARZON)";"….Leafy Vegetables";95.1;104.2;115.7;85.1;100.0;97.1;100.8;90.2;95.0;95.8;101.3;103.9;93.8;117.2;104.1;94.0;91.5;96.1;..;..
"..REGION IV-A (CALABARZON)";"….Fruits";117.5;90.1;88.8;103.6;100.0;111.4;88.8;81.9;99.7;95.5;110.8;95.5;94.1;89.5;97.5;117.3;90.0;82.2;..;..
"..REGION IV-A (CALABARZON)";"….Commercial Crops";125.2;106.2;87.7;80.9;100.0;118.4;115.8;118.4;125.9;119.6;116.1;117.4;98.6;136.0;117.0;141.3;142.2;138.7;..;..
"..REGION IV-A (CALABARZON)";"..LIVESTOCK AND POULTRY";99.0;102.6;103.3;95.1;100.0;94.3;99.4;101.3;88.1;95.8;86.5;103.0;106.4;132.4;107.1;158.8;142.4;124.6;..;..
"..REGION IV-A (CALABARZON)";"….Livestock";96.9;102.1;102.6;98.4;100.0;93.9;95.2;92.8;73.5;88.9;81.2;103.7;113.1;145.7;110.9;176.9;174.9;149.5;..;..
"..REGION IV-A (CALABARZON)";"….Poultry";102.7;103.4;104.4;89.5;100.0;93.5;104.5;114.9;121.8;108.7;95.6;99.2;93.5;110.5;99.7;133.1;105.5;94.9;..;..
"..REGION IV-A (CALABARZON)";"..FISHERY";100.1;95.0;100.7;104.2;100.0;106.6;92.3;88.8;96.0;95.9;84.5;70.3;74.1;78.8;76.9;93.3;79.5;87.1;..;..
"..REGION IV-A (CALABARZON)";"….Aquaculture";97.3;92.1;102.8;107.7;100.0;107.5;87.4;82.7;88.7;91.6;97.2;75.2;81.3;86.6;85.1;90.3;69.1;79.9;..;..
"..REGION IV-A (CALABARZON)";"….Commercial Fishery";104.3;99.6;97.1;99.0;100.0;101.3;97.8;100.8;111.7;102.9;98.8;96.2;97.2;105.5;99.4;105.0;107.6;101.0;..;..
"..REGION IV-A (CALABARZON)";"….Inland Municipal Fishery";101.8;97.5;102.8;97.9;100.0;97.6;89.6;90.4;90.1;91.9;99.8;93.4;87.3;87.0;91.9;86.3;84.5;84.8;..;..
"..REGION IV-A (CALABARZON)";"….Marine Municipal Fishery";104.9;99.4;96.2;99.5;100.0;107.8;104.4;99.4;111.2;105.7;105.7;99.8;101.9;108.0;103.9;97.8;112.0;110.3;..;..
"..MIMAROPA REGION";"AGRICULTURE";95.8;101.8;105.1;97.3;100.0;91.7;90.3;84.6;82.0;87.2;71.1;64.6;70.0;66.2;68.0;84.3;82.3;80.6;..;..
"..MIMAROPA REGION";"..CROPS";101.1;103.6;100.2;95.1;100.0;87.4;84.7;78.5;74.5;81.3;63.2;55.6;61.0;60.8;60.2;81.2;81.9;79.0;..;..
"..MIMAROPA REGION";"….Cereals";95.2;104.9;101.4;98.5;100.0;95.4;95.7;83.9;75.8;87.7;83.2;86.0;89.7;84.5;85.9;87.0;90.8;86.2;..;..
"..MIMAROPA REGION";"….Rootcrops";89.0;92.6;111.3;107.1;100.0;112.0;120.2;113.6;119.4;116.3;107.9;119.5;129.8;138.8;124.0;134.0;127.4;135.6;..;..
"..MIMAROPA REGION";"….Beans and Legumes";105.9;87.8;109.7;96.6;100.0;112.1;100.2;92.9;96.5;100.4;114.3;92.0;100.2;108.0;103.6;119.7;100.4;96.7;..;..
"..MIMAROPA REGION";"….Condiments";115.7;77.3;77.3;129.6;100.0;67.5;42.9;42.9;42.9;49.1;105.2;86.2;86.2;86.2;91.0;113.8;102.0;102.0;..;..
"..MIMAROPA REGION";"….Fruit Vegetables";110.5;88.2;110.5;90.8;100.0;112.7;93.5;95.8;99.2;100.3;116.8;82.1;87.4;123.2;102.4;127.1;88.5;95.3;..;..
"..MIMAROPA REGION";"….Leafy Vegetables";101.8;88.0;102.7;107.5;100.0;98.4;89.9;91.8;97.0;94.3;100.9;84.1;88.1;108.4;95.4;106.2;94.6;96.8;..;..
"..MIMAROPA REGION";"….Fruits";114.6;105.2;84.1;96.0;100.0;109.2;109.6;101.9;93.9;103.7;106.3;89.5;112.2;119.7;106.9;136.6;123.5;108.2;..;..
"..MIMAROPA REGION";"….Commercial Crops";107.3;103.2;101.7;87.8;100.0;69.3;66.2;65.4;66.5;66.9;69.0;49.4;56.9;59.7;58.8;60.8;60.6;60.1;..;..
"..MIMAROPA REGION";"..LIVESTOCK AND POULTRY";99.6;102.8;99.5;98.0;100.0;96.5;95.1;92.8;88.1;93.1;86.5;93.5;94.9;106.7;95.4;136.6;144.5;128.2;..;..
"..MIMAROPA REGION";"….Livestock";99.5;102.8;99.9;97.9;100.0;95.8;94.4;91.4;85.9;91.9;91.2;99.4;100.7;114.2;101.4;139.9;148.4;130.1;..;..
"..MIMAROPA REGION";"….Poultry";100.9;103.3;96.5;99.3;100.0;102.5;101.6;105.3;109.0;104.6;105.1;106.1;109.7;115.1;109.0;117.1;121.5;116.2;..;..
"..MIMAROPA REGION";"..FISHERY";80.2;94.4;124.4;101.0;100.0;101.6;105.4;98.9;105.0;102.7;89.2;80.1;86.8;62.8;79.7;70.2;62.1;65.2;..;..
"..MIMAROPA REGION";"….Aquaculture";62.6;100.3;109.2;127.9;100.0;118.9;141.4;109.9;124.6;123.7;81.3;103.8;74.9;78.1;84.5;92.7;92.7;135.8;..;..
"..MIMAROPA REGION";"….Commercial Fishery";104.0;102.5;88.3;105.2;100.0;83.5;100.0;93.1;93.3;92.5;83.0;70.6;78.0;82.6;78.6;88.8;64.4;71.7;..;..
"..MIMAROPA REGION";"….Inland Municipal Fishery";81.5;92.4;106.1;120.0;100.0;113.2;116.6;117.0;122.7;117.4;125.6;125.9;130.3;140.3;130.5;128.3;126.1;119.6;..;..
"..MIMAROPA REGION";"….Marine Municipal Fishery";81.7;89.8;135.6;92.9;100.0;95.7;92.7;92.4;97.0;94.5;96.7;80.2;96.2;59.6;83.2;63.7;56.6;56.4;..;..
"..REGION V (BICOL REGION)";"AGRICULTURE";99.6;102.6;101.3;96.6;100.0;96.1;94.0;88.5;85.6;91.1;79.6;81.2;76.4;81.2;79.6;101.7;100.1;94.9;..;..
"..REGION V (BICOL REGION)";"..CROPS";101.4;102.5;100.3;95.8;100.0;96.0;91.1;84.6;83.4;88.8;76.4;82.4;73.1;77.5;77.4;102.6;97.1;91.6;..;..
"..REGION V (BICOL REGION)";"….Cereals";98.3;97.5;106.4;97.8;100.0;97.0;88.3;79.6;74.8;84.9;84.5;92.1;80.3;80.9;84.5;89.9;84.0;84.7;..;..
"..REGION V (BICOL REGION)";"….Rootcrops";99.4;100.7;97.5;102.4;100.0;103.6;115.6;122.4;125.2;116.7;117.5;125.2;124.7;109.6;119.3;113.2;113.9;116.6;..;..
"..REGION V (BICOL REGION)";"….Beans and Legumes";135.4;89.1;87.6;87.9;100.0;108.2;99.2;84.8;94.0;96.6;119.0;83.7;68.0;121.7;98.1;135.3;80.3;84.2;..;..
"..REGION V (BICOL REGION)";"….Condiments";106.3;84.8;111.2;97.7;100.0;85.0;76.2;80.5;118.2;90.0;127.2;92.9;74.3;144.1;109.6;144.7;64.0;77.6;..;..
"..REGION V (BICOL REGION)";"….Fruit Vegetables";124.8;93.4;97.3;84.5;100.0;94.0;90.3;92.0;92.4;92.2;103.9;75.3;65.5;113.4;89.5;122.4;74.8;80.4;..;..
"..REGION V (BICOL REGION)";"….Leafy Vegetables";101.6;98.8;99.6;100.0;100.0;95.4;106.1;106.9;112.2;105.2;93.6;92.6;97.2;111.7;98.8;99.6;88.9;110.1;..;..
"..REGION V (BICOL REGION)";"….Fruits";93.9;135.9;80.1;90.1;100.0;117.3;114.2;99.2;103.0;108.4;121.0;150.7;100.7;118.2;122.7;141.5;145.1;83.7;..;..
"..REGION V (BICOL REGION)";"….Commercial Crops";107.2;105.5;95.7;91.7;100.0;83.6;81.4;79.5;83.6;82.0;89.0;94.6;94.0;104.0;95.4;114.4;114.2;108.2;..;..
"..REGION V (BICOL REGION)";"..LIVESTOCK AND POULTRY";98.0;107.1;100.0;94.9;100.0;94.1;96.7;87.8;82.5;90.3;77.0;78.0;78.5;87.2;80.2;119.4;135.1;128.7;..;..
"..REGION V (BICOL REGION)";"….Livestock";97.9;107.8;99.9;94.4;100.0;93.7;96.7;87.1;81.5;89.8;86.3;87.6;88.4;98.9;90.3;120.1;137.7;130.5;..;..
"..REGION V (BICOL REGION)";"….Poultry";99.1;98.3;100.9;101.7;100.0;101.9;98.5;98.9;99.2;99.6;104.6;104.7;100.6;102.7;103.2;112.4;112.0;111.1;..;..
"..REGION V (BICOL REGION)";"..FISHERY";95.9;97.6;105.5;101.0;100.0;99.1;99.6;102.4;96.9;99.5;96.2;81.2;86.0;87.7;87.8;85.1;83.8;80.2;..;..
"..REGION V (BICOL REGION)";"….Aquaculture";104.8;93.1;106.3;95.8;100.0;85.4;101.2;90.9;92.0;92.4;93.9;94.4;97.6;94.1;95.0;98.0;95.6;79.2;..;..
"..REGION V (BICOL REGION)";"….Commercial Fishery";91.8;92.7;111.0;104.6;100.0;101.5;98.2;100.4;103.2;100.8;112.2;64.0;72.7;75.4;81.1;77.3;71.8;70.6;..;..
"..REGION V (BICOL REGION)";"….Inland Municipal Fishery";90.3;102.4;109.2;98.1;100.0;100.9;103.4;116.1;96.8;104.3;106.2;93.9;108.4;95.1;100.9;94.1;98.1;81.2;..;..
"..REGION V (BICOL REGION)";"….Marine Municipal Fishery";94.4;100.8;103.2;101.6;100.0;102.3;97.0;105.1;95.1;99.9;89.6;81.2;84.2;87.0;85.5;84.2;84.7;84.0;..;..
"..REGION VI (WESTERN VISAYAS)";"AGRICULTURE";89.8;103.3;107.6;99.3;100.0;98.2;103.7;98.7;96.4;99.3;96.7;96.8;101.3;95.4;97.6;97.2;109.2;115.2;..;..
"..REGION VI (WESTERN VISAYAS)";"..CROPS";88.7;103.5;108.6;99.2;100.0;98.3;105.0;99.4;96.8;99.9;97.6;98.2;104.0;96.4;99.1;96.6;109.7;117.2;..;..
"..REGION VI (WESTERN VISAYAS)";"….Cereals";96.4;103.5;108.0;92.1;100.0;92.4;95.3;84.7;70.9;85.8;77.1;89.2;79.5;75.5;80.3;78.0;83.1;80.1;..;..
"..REGION VI (WESTERN VISAYAS)";"….Rootcrops";94.9;96.6;107.4;101.2;100.0;110.3;119.6;125.4;116.6;118.0;110.6;123.5;113.9;114.3;115.6;113.1;107.1;110.5;..;..
"..REGION VI (WESTERN VISAYAS)";"….Beans and Legumes";107.9;94.2;101.9;96.0;100.0;100.0;116.1;109.3;88.0;103.4;95.5;85.9;75.9;89.6;86.7;89.9;77.0;82.1;..;..
"..REGION VI (WESTERN VISAYAS)";"….Condiments";103.5;90.2;117.7;88.6;100.0;80.0;100.0;109.1;102.6;97.9;103.6;87.9;96.6;95.8;96.0;80.8;63.3;78.0;..;..
"..REGION VI (WESTERN VISAYAS)";"….Fruit Vegetables";106.5;90.5;107.3;95.7;100.0;94.9;99.1;111.6;106.3;103.0;104.0;93.6;83.4;114.0;98.8;108.2;77.7;87.7;..;..
"..REGION VI (WESTERN VISAYAS)";"….Leafy Vegetables";90.7;97.7;111.6;99.9;100.0;99.4;109.9;116.3;109.7;108.8;110.4;110.4;105.3;117.3;110.9;112.4;103.4;106.7;..;..
"..REGION VI (WESTERN VISAYAS)";"….Fruits";107.2;97.5;101.1;94.2;100.0;95.8;79.9;113.2;115.8;101.2;101.5;95.0;108.1;104.4;102.3;105.9;85.3;86.9;..;..
"..REGION VI (WESTERN VISAYAS)";"….Commercial Crops";87.6;103.7;108.8;99.9;100.0;98.8;106.6;100.6;99.5;101.4;100.6;100.1;107.7;99.3;101.9;98.1;113.2;122.4;..;..
"..REGION VI (WESTERN VISAYAS)";"..LIVESTOCK AND POULTRY";103.5;103.3;96.2;96.9;100.0;94.0;93.4;88.8;88.4;91.2;81.9;82.4;77.7;84.8;81.7;109.1;111.3;100.3;..;..
"..REGION VI (WESTERN VISAYAS)";"….Livestock";104.6;106.0;95.7;93.7;100.0;92.2;90.8;84.0;81.3;87.1;89.1;88.0;82.3;92.3;87.9;111.5;115.6;100.6;..;..
"..REGION VI (WESTERN VISAYAS)";"….Poultry";101.0;97.7;97.1;104.3;100.0;98.9;99.7;100.2;106.3;101.3;97.7;102.2;98.0;101.2;99.8;105.3;104.5;99.7;..;..
"..REGION VI (WESTERN VISAYAS)";"..FISHERY";97.6;96.0;102.0;104.3;100.0;102.4;96.0;100.0;101.0;99.9;100.2;88.3;85.1;89.5;90.8;98.6;94.5;95.7;..;..
"..REGION VI (WESTERN VISAYAS)";"….Aquaculture";100.3;94.8;98.7;106.3;100.0;101.3;94.4;95.8;100.4;98.0;100.2;90.6;81.4;87.6;90.0;101.8;97.0;96.1;..;..
"..REGION VI (WESTERN VISAYAS)";"….Commercial Fishery";91.9;97.0;106.9;104.1;100.0;101.6;97.5;103.9;104.1;101.8;99.4;95.1;95.1;100.2;97.5;100.1;100.1;105.5;..;..
"..REGION VI (WESTERN VISAYAS)";"….Inland Municipal Fishery";98.8;96.7;102.7;101.9;100.0;98.2;84.4;82.3;83.7;87.2;82.9;73.6;63.0;75.4;73.7;65.0;63.9;65.6;..;..
"..REGION VI (WESTERN VISAYAS)";"….Marine Municipal Fishery";97.3;96.8;103.9;101.9;100.0;102.9;96.8;104.9;100.0;101.2;104.9;83.4;90.6;89.4;92.1;97.9;91.9;93.8;..;..
"..REGION VII (CENTRAL VISAYAS)";"AGRICULTURE";86.9;103.4;114.9;94.8;100.0;92.2;91.2;91.7;89.6;91.2;81.7;83.0;82.4;80.9;82.0;95.5;101.1;97.7;..;..
"..REGION VII (CENTRAL VISAYAS)";"..CROPS";84.0;103.8;119.5;92.8;100.0;89.2;88.1;89.9;88.2;88.9;78.7;80.7;80.9;77.7;79.5;90.1;95.7;94.5;..;..
"..REGION VII (CENTRAL VISAYAS)";"….Cereals";97.0;104.8;105.8;92.4;100.0;91.2;93.1;88.7;80.1;88.3;80.4;96.3;86.0;73.7;84.1;78.3;81.3;87.1;..;..
"..REGION VII (CENTRAL VISAYAS)";"….Rootcrops";95.3;94.0;108.6;102.1;100.0;91.7;110.2;110.1;97.3;102.3;93.4;103.4;95.4;103.0;98.8;106.2;96.5;103.6;..;..
"..REGION VII (CENTRAL VISAYAS)";"….Beans and Legumes";107.1;101.6;95.8;95.4;100.0;106.5;115.2;97.0;97.8;104.1;96.2;104.2;77.0;104.4;95.5;111.4;98.7;104.3;..;..
"..REGION VII (CENTRAL VISAYAS)";"….Condiments";94.2;90.1;110.7;105.0;100.0;110.4;168.4;199.0;141.0;154.7;137.7;208.1;186.7;129.7;165.6;118.9;103.0;112.6;..;..
"..REGION VII (CENTRAL VISAYAS)";"….Fruit Vegetables";107.7;98.1;105.0;89.2;100.0;101.0;110.8;100.1;97.1;102.3;99.5;104.0;85.7;108.5;99.4;123.1;96.8;99.3;..;..
"..REGION VII (CENTRAL VISAYAS)";"….Leafy Vegetables";94.2;96.9;115.6;93.4;100.0;66.3;138.7;100.9;70.2;94.0;56.6;86.9;47.7;98.9;72.5;89.3;47.2;68.2;..;..
"..REGION VII (CENTRAL VISAYAS)";"….Fruits";109.0;92.8;98.1;100.1;100.0;105.6;81.3;98.1;100.3;96.3;105.4;103.6;106.8;113.5;107.3;116.4;106.2;104.2;..;..
"..REGION VII (CENTRAL VISAYAS)";"….Commercial Crops";80.5;104.5;123.3;91.7;100.0;87.2;87.2;88.3;87.4;87.5;86.8;87.8;89.4;85.2;87.3;88.5;96.6;94.2;..;..
"..REGION VII (CENTRAL VISAYAS)";"..LIVESTOCK AND POULTRY";95.4;105.1;101.5;98.0;100.0;96.8;97.1;93.2;89.5;94.2;84.4;84.2;80.0;85.4;83.5;113.7;121.5;107.2;..;..
"..REGION VII (CENTRAL VISAYAS)";"….Livestock";95.0;106.0;101.5;97.5;100.0;95.8;96.9;92.6;88.3;93.4;88.7;88.1;83.4;89.6;87.5;115.0;124.4;107.7;..;..
"..REGION VII (CENTRAL VISAYAS)";"….Poultry";98.2;99.0;101.2;101.5;100.0;103.7;99.0;97.7;98.7;99.8;102.1;104.4;102.0;104.8;103.3;106.9;107.0;104.2;..;..
"..REGION VII (CENTRAL VISAYAS)";"..FISHERY";94.9;89.1;108.3;107.6;100.0;109.5;104.7;105.8;106.4;106.6;109.6;105.0;109.4;104.7;107.2;108.4;108.3;105.2;..;..
"..REGION VII (CENTRAL VISAYAS)";"….Aquaculture";91.4;93.7;112.5;102.4;100.0;112.1;98.5;105.7;98.5;103.7;100.2;88.1;88.4;77.0;88.4;97.0;90.4;98.9;..;..
"..REGION VII (CENTRAL VISAYAS)";"….Commercial Fishery";94.3;90.8;111.3;103.6;100.0;97.6;95.3;93.9;97.7;96.1;95.2;97.8;103.5;100.4;99.2;102.6;100.5;93.3;..;..
"..REGION VII (CENTRAL VISAYAS)";"….Inland Municipal Fishery";99.1;90.5;111.9;98.5;100.0;104.2;105.7;97.0;92.3;99.8;111.2;84.1;92.6;81.1;92.3;108.3;112.8;92.6;..;..
"..REGION VII (CENTRAL VISAYAS)";"….Marine Municipal Fishery";95.7;87.8;106.8;109.7;100.0;110.3;106.8;107.1;108.8;108.3;107.2;102.6;107.2;104.0;105.3;111.4;113.1;108.8;..;..
"..REGION VIII (EASTERN VISAYAS)";"AGRICULTURE";100.0;98.5;99.8;101.7;100.0;100.4;92.5;90.8;93.0;94.2;82.4;75.6;73.4;74.8;76.6;94.2;91.5;94.1;..;..
"..REGION VIII (EASTERN VISAYAS)";"..CROPS";101.2;99.0;98.4;101.4;100.0;98.4;87.5;85.7;88.0;89.9;73.9;66.7;65.3;65.4;67.8;87.4;83.3;88.0;..;..
"..REGION VIII (EASTERN VISAYAS)";"….Cereals";99.3;93.4;103.5;103.8;100.0;102.5;83.0;80.7;85.6;88.0;84.2;84.6;83.9;77.9;82.7;81.2;81.1;90.6;..;..
"..REGION VIII (EASTERN VISAYAS)";"….Rootcrops";98.6;99.3;100.5;101.6;100.0;96.4;103.1;104.0;108.3;103.0;106.7;106.0;92.3;109.0;103.5;104.6;100.7;103.5;..;..
"..REGION VIII (EASTERN VISAYAS)";"….Beans and Legumes";110.6;103.2;91.0;95.3;100.0;96.8;97.3;80.5;87.4;90.5;80.7;73.4;61.5;79.1;73.7;98.5;79.2;79.5;..;..
"..REGION VIII (EASTERN VISAYAS)";"….Condiments";87.5;88.3;100.4;123.7;100.0;117.7;169.3;233.9;183.0;176.0;189.7;266.3;230.2;164.8;212.8;158.5;160.1;171.6;..;..
"..REGION VIII (EASTERN VISAYAS)";"….Fruit Vegetables";119.5;97.5;92.5;90.5;100.0;93.5;92.3;83.6;88.7;89.5;94.4;84.6;75.4;95.5;87.5;129.4;101.1;97.7;..;..
"..REGION VIII (EASTERN VISAYAS)";"….Leafy Vegetables";105.5;99.6;98.2;96.6;100.0;89.7;93.0;89.1;87.7;89.9;89.3;87.7;86.9;93.1;89.3;102.9;94.0;89.5;..;..
"..REGION VIII (EASTERN VISAYAS)";"….Fruits";100.3;98.5;103.2;97.9;100.0;90.4;94.8;95.5;96.8;94.4;103.6;113.5;119.7;123.3;115.0;121.6;108.5;105.3;..;..
"..REGION VIII (EASTERN VISAYAS)";"….Commercial Crops";103.1;105.2;92.4;99.3;100.0;95.1;86.7;84.8;84.1;87.7;80.7;62.4;60.8;63.2;66.8;84.3;77.1;78.5;..;..
"..REGION VIII (EASTERN VISAYAS)";"..LIVESTOCK AND POULTRY";98.2;98.6;102.2;101.0;100.0;99.9;101.6;99.0;97.0;99.4;98.3;98.2;95.1;96.8;97.1;106.3;112.6;113.8;..;..
"..REGION VIII (EASTERN VISAYAS)";"….Livestock";98.4;98.5;102.3;100.8;100.0;99.6;101.3;98.5;96.4;99.0;99.0;98.8;95.2;97.1;97.5;105.5;111.8;113.2;..;..
"..REGION VIII (EASTERN VISAYAS)";"….Poultry";95.7;98.8;101.4;104.1;100.0;103.3;104.1;104.2;104.5;104.0;105.0;106.1;109.9;109.8;107.7;118.3;124.0;123.6;..;..
"..REGION VIII (EASTERN VISAYAS)";"..FISHERY";96.4;96.1;103.8;103.8;100.0;108.3;103.3;103.4;109.9;106.2;106.6;95.9;89.4;100.5;98.1;110.7;106.2;99.2;..;..
"..REGION VIII (EASTERN VISAYAS)";"….Aquaculture";104.5;103.5;100.5;91.5;100.0;127.6;107.6;109.2;98.3;110.7;106.2;107.2;108.7;101.6;105.9;104.5;106.1;71.4;..;..
"..REGION VIII (EASTERN VISAYAS)";"….Commercial Fishery";92.0;100.1;102.4;105.6;100.0;95.8;103.2;100.8;109.7;102.4;99.3;80.4;72.3;84.8;84.2;95.8;105.0;88.7;..;..
"..REGION VIII (EASTERN VISAYAS)";"….Inland Municipal Fishery";89.9;89.5;106.1;114.5;100.0;99.5;101.2;98.9;107.8;101.9;84.7;77.8;76.8;79.9;79.8;75.4;79.2;72.2;..;..
"..REGION VIII (EASTERN VISAYAS)";"….Marine Municipal Fishery";95.8;94.1;104.4;105.7;100.0;106.2;100.8;101.1;110.5;104.7;106.9;96.9;90.2;102.4;99.1;114.3;106.6;105.5;..;..
"..REGION IX (ZAMBOANGA PENINSULA)";"AGRICULTURE";100.2;101.7;100.9;97.2;100.0;97.5;99.5;92.5;87.4;94.2;83.3;87.3;84.3;83.6;84.6;99.0;101.7;100.5;..;..
"..REGION IX (ZAMBOANGA PENINSULA)";"..CROPS";102.9;101.7;100.2;95.2;100.0;96.6;99.1;89.0;80.2;91.2;76.2;82.0;77.5;76.0;77.9;93.4;96.8;96.0;..;..
"..REGION IX (ZAMBOANGA PENINSULA)";"….Cereals";96.7;103.5;105.0;94.8;100.0;95.5;99.7;85.5;65.5;86.6;76.2;88.6;83.2;71.7;79.9;75.8;83.8;80.4;..;..
"..REGION IX (ZAMBOANGA PENINSULA)";"….Rootcrops";97.5;102.0;99.7;100.9;100.0;115.4;123.7;125.0;117.6;120.4;123.4;140.0;127.4;118.3;127.3;123.3;128.9;118.6;..;..
"..REGION IX (ZAMBOANGA PENINSULA)";"….Beans and Legumes";102.4;99.1;98.8;99.8;100.0;116.0;118.4;98.1;102.5;108.8;102.3;105.1;92.1;107.8;101.8;110.5;99.8;98.1;..;..
"..REGION IX (ZAMBOANGA PENINSULA)";"….Condiments";106.0;98.0;94.0;102.0;100.0;111.7;136.1;128.5;123.0;124.8;114.9;152.6;142.4;128.7;134.7;104.3;96.2;99.7;..;..
"..REGION IX (ZAMBOANGA PENINSULA)";"….Fruit Vegetables";101.7;96.5;103.3;98.4;100.0;109.5;110.1;98.1;100.0;104.4;100.9;106.9;94.4;127.1;107.3;128.3;109.4;110.1;..;..
"..REGION IX (ZAMBOANGA PENINSULA)";"….Leafy Vegetables";104.5;92.7;92.9;109.9;100.0;114.7;118.5;102.2;82.1;104.4;79.3;87.3;74.4;80.1;80.3;83.9;81.5;86.4;..;..
"..REGION IX (ZAMBOANGA PENINSULA)";"….Fruits";110.7;93.6;91.4;104.2;100.0;101.7;86.1;89.7;101.1;94.7;99.6;94.5;95.4;109.2;99.7;108.6;100.5;105.8;..;..
"..REGION IX (ZAMBOANGA PENINSULA)";"….Commercial Crops";110.7;103.0;96.6;89.7;100.0;91.6;102.5;89.0;93.7;94.2;96.5;99.7;92.1;99.2;96.9;110.6;112.0;113.8;..;..
"..REGION IX (ZAMBOANGA PENINSULA)";"..LIVESTOCK AND POULTRY";97.8;102.0;99.0;101.3;100.0;100.6;97.2;94.0;93.8;96.4;88.8;89.0;87.9;92.2;89.5;114.9;115.9;104.2;..;..
"..REGION IX (ZAMBOANGA PENINSULA)";"….Livestock";98.0;102.3;98.2;101.6;100.0;98.4;94.5;90.6;88.0;92.9;90.5;90.2;88.8;94.3;91.0;113.0;115.2;100.8;..;..
"..REGION IX (ZAMBOANGA PENINSULA)";"….Poultry";97.2;100.9;101.6;100.3;100.0;106.1;104.0;103.0;111.9;106.3;108.0;109.8;109.6;111.1;109.6;119.6;117.6;113.5;..;..
"..REGION IX (ZAMBOANGA PENINSULA)";"..FISHERY";96.7;101.2;103.8;98.3;100.0;96.8;102.1;98.1;97.7;98.7;93.7;96.2;95.5;92.8;94.6;99.3;101.6;105.8;..;..
"..REGION IX (ZAMBOANGA PENINSULA)";"….Aquaculture";103.4;92.6;102.0;101.9;100.0;111.5;110.4;95.4;102.7;105.0;90.8;98.5;84.8;72.2;86.6;108.3;88.2;86.9;..;..
"..REGION IX (ZAMBOANGA PENINSULA)";"….Commercial Fishery";96.7;104.5;103.6;95.2;100.0;90.2;96.5;96.5;95.7;94.7;94.0;96.2;102.2;99.5;98.0;100.5;106.1;115.7;..;..
"..REGION IX (ZAMBOANGA PENINSULA)";"….Inland Municipal Fishery";112.3;100.7;82.1;105.0;100.0;100.3;111.2;109.3;84.9;101.4;98.7;86.2;55.4;54.7;73.8;46.9;54.4;47.7;..;..
"..REGION IX (ZAMBOANGA PENINSULA)";"….Marine Municipal Fishery";93.7;101.2;104.8;100.3;100.0;97.8;103.7;99.3;96.5;99.3;98.3;99.6;97.1;99.5;98.6;96.9;103.0;105.1;..;..
"..REGION X (NORTHERN MINDANAO)";"AGRICULTURE";97.2;104.4;99.1;99.4;100.0;99.2;98.9;95.2;96.6;97.5;92.1;94.9;92.4;92.4;93.0;104.6;108.6;106.3;..;..
"..REGION X (NORTHERN MINDANAO)";"..CROPS";96.8;105.9;98.6;98.7;100.0;98.1;97.8;93.7;95.7;96.3;90.3;94.4;95.1;91.4;92.8;101.8;105.5;107.4;..;..
"..REGION X (NORTHERN MINDANAO)";"….Cereals";99.9;98.8;102.6;98.7;100.0;95.8;99.0;91.7;78.5;91.3;81.1;94.6;89.5;80.2;86.4;85.5;92.0;98.8;..;..
"..REGION X (NORTHERN MINDANAO)";"….Rootcrops";96.3;96.7;99.9;107.1;100.0;115.3;122.1;121.9;172.8;133.0;119.2;123.8;106.5;120.4;117.5;115.2;99.7;105.6;..;..
"..REGION X (NORTHERN MINDANAO)";"….Beans and Legumes";101.0;100.9;104.6;93.5;100.0;111.6;123.4;108.2;107.7;112.7;118.4;130.5;110.0;127.2;121.5;113.9;111.9;119.2;..;..
"..REGION X (NORTHERN MINDANAO)";"….Condiments";100.5;92.8;102.4;104.3;100.0;119.4;211.2;216.2;209.3;189.0;184.5;189.9;183.1;198.3;189.0;171.9;146.0;163.3;..;..
"..REGION X (NORTHERN MINDANAO)";"….Fruit Vegetables";98.2;100.5;107.3;94.1;100.0;105.6;120.9;100.6;96.2;105.8;97.7;98.9;98.2;148.7;110.9;113.2;89.8;115.8;..;..
"..REGION X (NORTHERN MINDANAO)";"….Leafy Vegetables";83.7;96.4;113.7;106.2;100.0;93.7;162.3;60.5;64.3;95.2;57.2;97.4;62.6;115.9;83.3;88.0;66.6;130.0;..;..
"..REGION X (NORTHERN MINDANAO)";"….Fruits";97.1;99.7;100.7;102.6;100.0;104.0;96.3;97.5;111.2;102.3;109.5;111.8;110.0;115.1;111.6;116.3;114.3;114.1;..;..
"..REGION X (NORTHERN MINDANAO)";"….Commercial Crops";95.5;110.8;96.4;97.3;100.0;96.4;96.2;92.0;96.9;95.4;98.7;100.0;104.2;99.0;100.5;103.0;108.2;108.0;..;..
"..REGION X (NORTHERN MINDANAO)";"..LIVESTOCK AND POULTRY";97.0;98.7;101.5;102.8;100.0;101.5;101.3;100.2;98.1;100.3;97.5;96.5;96.0;98.9;97.2;124.8;134.1;126.5;..;..
"..REGION X (NORTHERN MINDANAO)";"….Livestock";96.7;98.7;101.7;102.9;100.0;101.1;100.7;99.5;96.7;99.5;96.0;95.0;94.3;97.9;95.8;127.4;138.4;127.8;..;..
"..REGION X (NORTHERN MINDANAO)";"….Poultry";98.6;99.0;100.5;101.9;100.0;103.7;104.2;104.1;105.6;104.4;104.0;103.4;103.9;103.0;103.6;113.5;116.8;120.4;..;..
"..REGION X (NORTHERN MINDANAO)";"..FISHERY";100.9;99.9;98.8;100.4;100.0;105.0;105.4;100.1;102.9;103.4;104.0;97.7;65.2;90.4;89.3;101.0;101.5;72.8;..;..
"..REGION X (NORTHERN MINDANAO)";"….Aquaculture";102.1;101.5;98.5;97.9;100.0;105.1;106.1;99.4;100.0;102.7;102.2;97.9;54.1;83.7;84.5;96.0;96.5;60.8;..;..
"..REGION X (NORTHERN MINDANAO)";"….Commercial Fishery";98.4;95.8;98.6;107.3;100.0;106.4;106.9;101.5;109.9;106.2;110.7;98.2;101.8;111.8;105.6;110.5;113.9;111.0;..;..
"..REGION X (NORTHERN MINDANAO)";"….Inland Municipal Fishery";96.8;95.4;103.1;104.6;100.0;95.5;97.9;92.9;115.8;100.5;102.1;101.4;106.1;105.4;103.8;118.6;115.0;107.9;..;..
"..REGION X (NORTHERN MINDANAO)";"….Marine Municipal Fishery";99.0;97.5;99.3;104.1;100.0;103.3;101.4;100.8;105.8;102.8;107.8;98.7;99.3;101.9;101.9;109.7;109.0;105.2;..;..
"..REGION XI (DAVAO REGION)";"AGRICULTURE";104.0;101.2;98.8;95.9;100.0;95.1;95.6;94.9;96.6;95.6;93.7;96.7;95.0;100.2;96.4;114.1;116.2;106.8;..;..
"..REGION XI (DAVAO REGION)";"..CROPS";109.4;102.3;96.5;91.7;100.0;92.2;94.6;93.6;96.3;94.2;92.9;98.8;98.5;98.1;97.1;105.7;107.0;97.1;..;..
"..REGION XI (DAVAO REGION)";"….Cereals";101.6;103.5;100.4;94.4;100.0;91.1;87.4;83.5;79.3;85.3;80.2;90.8;81.4;71.1;80.9;78.8;86.9;86.5;..;..
"..REGION XI (DAVAO REGION)";"….Rootcrops";99.9;103.7;94.3;102.2;100.0;110.3;98.3;99.4;98.7;101.7;105.3;113.2;96.9;94.8;102.6;105.1;91.5;89.7;..;..
"..REGION XI (DAVAO REGION)";"….Beans and Legumes";114.0;90.9;91.3;103.8;100.0;131.7;101.3;90.0;97.9;105.2;97.1;97.4;77.1;93.1;91.2;115.4;96.9;96.6;..;..
"..REGION XI (DAVAO REGION)";"….Condiments";105.9;108.2;92.9;93.0;100.0;103.9;129.6;137.8;129.2;125.1;118.1;150.3;123.9;123.5;129.0;123.8;103.4;95.1;..;..
"..REGION XI (DAVAO REGION)";"….Fruit Vegetables";110.3;99.6;101.6;88.5;100.0;115.2;114.9;97.5;100.5;107.0;93.3;96.5;81.2;115.4;96.6;135.2;94.7;101.5;..;..
"..REGION XI (DAVAO REGION)";"….Leafy Vegetables";76.8;91.9;118.7;112.6;100.0;106.0;126.5;109.9;91.9;108.6;82.7;111.8;73.6;102.8;92.7;104.5;85.9;108.7;..;..
"..REGION XI (DAVAO REGION)";"….Fruits";106.8;101.1;95.3;96.8;100.0;105.4;117.7;117.5;127.4;117.0;124.8;132.7;143.8;131.1;133.1;112.4;107.8;88.3;..;..
"..REGION XI (DAVAO REGION)";"….Commercial Crops";124.9;101.4;92.2;81.5;100.0;75.2;75.8;77.9;83.6;78.1;90.3;90.0;94.4;122.3;99.3;135.0;140.2;135.7;..;..
"..REGION XI (DAVAO REGION)";"..LIVESTOCK AND POULTRY";97.5;99.1;101.7;101.7;100.0;97.8;96.4;96.0;97.1;96.8;93.7;93.5;90.7;106.8;96.2;137.8;143.6;134.7;..;..
"..REGION XI (DAVAO REGION)";"….Livestock";97.0;99.4;102.1;101.5;100.0;97.2;95.6;95.0;95.9;95.9;96.1;95.3;92.4;110.8;98.7;142.4;148.8;138.0;..;..
"..REGION XI (DAVAO REGION)";"….Poultry";100.1;97.5;99.3;103.1;100.0;101.7;101.4;102.8;105.2;102.8;107.8;111.6;108.5;114.7;110.7;116.9;119.9;118.9;..;..
"..REGION XI (DAVAO REGION)";"..FISHERY";92.6;98.9;102.8;105.8;100.0;107.7;100.7;99.9;97.2;101.4;101.8;93.4;85.2;91.6;93.0;106.0;105.4;101.8;..;..
"..REGION XI (DAVAO REGION)";"….Aquaculture";88.9;103.0;103.1;105.0;100.0;106.8;108.6;103.2;101.9;105.1;110.0;98.9;90.1;97.3;99.1;113.8;110.9;115.0;..;..
"..REGION XI (DAVAO REGION)";"….Commercial Fishery";95.7;97.5;100.0;106.8;100.0;103.7;97.4;108.2;99.7;102.3;100.2;77.5;81.1;91.5;87.6;102.2;97.2;85.6;..;..
"..REGION XI (DAVAO REGION)";"….Inland Municipal Fishery";90.3;100.8;102.2;106.7;100.0;94.7;80.8;106.1;99.7;95.3;105.2;112.9;108.0;99.0;106.3;98.7;84.7;57.0;..;..
"..REGION XI (DAVAO REGION)";"….Marine Municipal Fishery";95.4;95.6;102.8;106.1;100.0;107.3;93.6;94.2;91.3;96.6;95.9;91.5;82.2;87.7;89.3;98.3;100.7;92.2;..;..
"..REGION XII (SOCCSKSARGEN)";"AGRICULTURE";100.0;100.5;101.6;97.9;100.0;99.9;97.2;95.5;93.1;96.4;87.5;90.4;90.2;88.1;89.1;101.9;106.7;100.9;..;..
"..REGION XII (SOCCSKSARGEN)";"..CROPS";100.3;103.7;100.4;95.6;100.0;93.4;91.9;88.2;84.5;89.5;77.5;84.6;83.1;77.2;80.6;90.6;96.7;92.1;..;..
"..REGION XII (SOCCSKSARGEN)";"….Cereals";103.8;102.9;101.6;91.7;100.0;87.5;87.6;81.8;73.9;82.7;78.0;88.9;80.5;74.2;80.4;80.0;90.0;93.6;..;..
"..REGION XII (SOCCSKSARGEN)";"….Rootcrops";94.1;97.5;103.2;105.3;100.0;122.4;133.5;126.3;133.1;128.8;141.9;158.5;150.2;150.0;150.2;138.0;117.0;136.9;..;..
"..REGION XII (SOCCSKSARGEN)";"….Beans and Legumes";100.6;92.3;96.7;110.4;100.0;114.4;102.1;103.9;105.3;106.4;100.9;99.7;82.9;80.7;91.1;99.1;98.8;104.4;..;..
"..REGION XII (SOCCSKSARGEN)";"….Condiments";90.2;96.5;97.7;115.6;100.0;115.6;173.3;191.9;131.9;153.2;120.1;195.9;162.4;129.6;152.0;122.5;100.5;106.0;..;..
"..REGION XII (SOCCSKSARGEN)";"….Fruit Vegetables";99.4;100.8;110.7;89.1;100.0;120.1;122.0;112.3;94.0;112.1;87.0;95.8;81.7;126.6;97.8;110.5;84.4;101.1;..;..
"..REGION XII (SOCCSKSARGEN)";"….Leafy Vegetables";94.5;98.1;101.8;105.6;100.0;105.0;106.6;109.3;114.3;108.8;111.7;90.5;83.9;108.3;98.6;99.3;80.0;89.7;..;..
"..REGION XII (SOCCSKSARGEN)";"….Fruits";97.9;95.3;96.3;110.5;100.0;116.4;121.6;124.6;125.0;121.9;115.1;120.1;120.3;120.4;119.0;105.2;106.4;85.9;..;..
"..REGION XII (SOCCSKSARGEN)";"….Commercial Crops";94.8;110.0;99.5;95.7;100.0;90.7;83.0;80.4;84.2;84.6;89.4;94.1;104.5;93.6;95.4;98.3;100.9;93.8;..;..
"..REGION XII (SOCCSKSARGEN)";"..LIVESTOCK AND POULTRY";96.6;100.8;102.0;100.6;100.0;96.2;92.8;91.2;94.5;93.7;86.1;87.1;86.7;98.2;89.5;124.2;126.0;113.2;..;..
"..REGION XII (SOCCSKSARGEN)";"….Livestock";97.2;100.4;101.3;101.1;100.0;95.7;90.7;88.5;90.7;91.4;90.6;91.9;91.2;108.7;95.6;133.4;136.1;116.7;..;..
"..REGION XII (SOCCSKSARGEN)";"….Poultry";95.1;101.5;103.7;99.6;100.0;97.3;97.7;97.8;103.7;99.1;103.1;103.5;103.8;106.3;104.2;109.7;110.3;107.1;..;..
"..REGION XII (SOCCSKSARGEN)";"..FISHERY";101.9;90.6;104.7;102.8;100.0;127.7;120.3;128.3;124.8;125.3;153.5;121.1;131.5;135.4;135.4;131.2;130.4;126.0;..;..
"..REGION XII (SOCCSKSARGEN)";"….Aquaculture";90.4;95.5;99.1;114.9;100.0;117.2;107.5;112.4;117.8;113.7;118.5;113.0;113.5;115.1;115.0;124.8;122.5;118.6;..;..
"..REGION XII (SOCCSKSARGEN)";"….Commercial Fishery";103.8;90.0;104.1;102.1;100.0;127.7;120.7;128.2;123.2;125.0;123.2;95.8;104.7;107.7;107.9;133.3;133.1;127.7;..;..
"..REGION XII (SOCCSKSARGEN)";"….Inland Municipal Fishery";83.3;93.0;108.0;115.7;100.0;100.6;86.7;100.6;111.5;99.9;91.9;96.5;99.4;92.7;95.1;92.5;98.5;104.8;..;..
"..REGION XII (SOCCSKSARGEN)";"….Marine Municipal Fishery";96.0;93.8;117.1;93.1;100.0;108.2;109.0;115.0;117.8;112.5;135.0;89.8;95.2;114.6;108.7;139.8;117.6;118.8;..;..
"..REGION XIII (CARAGA)";"AGRICULTURE";101.2;101.7;101.4;95.6;100.0;94.3;93.1;93.3;95.7;94.1;88.1;92.5;89.2;87.3;89.3;105.7;105.8;104.6;..;..
"..REGION XIII (CARAGA)";"..CROPS";104.1;102.4;100.8;92.7;100.0;89.1;88.4;86.9;88.9;88.3;79.9;86.7;82.5;79.1;82.1;100.7;100.5;98.8;..;..
"..REGION XIII (CARAGA)";"….Cereals";96.7;100.9;106.2;96.2;100.0;90.6;83.4;79.7;83.9;84.4;83.6;95.7;87.9;73.2;85.1;83.6;84.6;83.9;..;..
"..REGION XIII (CARAGA)";"….Rootcrops";94.7;100.7;103.3;101.3;100.0;103.0;105.1;112.9;104.9;106.5;108.9;108.6;100.9;112.2;107.7;116.4;113.4;109.9;..;..
"..REGION XIII (CARAGA)";"….Beans and Legumes";112.3;92.7;97.3;97.7;100.0;111.9;102.7;96.2;100.0;102.7;104.6;91.8;84.6;92.5;93.4;150.8;115.2;99.3;..;..
"..REGION XIII (CARAGA)";"….Condiments";98.1;92.8;107.7;101.3;100.0;108.7;131.1;135.8;147.1;130.7;138.4;147.9;171.7;158.5;154.1;156.1;124.4;134.2;..;..
"..REGION XIII (CARAGA)";"….Fruit Vegetables";106.5;102.3;100.3;90.9;100.0;109.5;116.3;106.4;101.8;108.5;103.7;102.0;89.7;103.9;99.8;154.4;120.4;109.6;..;..
"..REGION XIII (CARAGA)";"….Leafy Vegetables";107.2;96.4;100.6;95.8;100.0;111.7;103.9;112.7;117.7;111.5;115.6;100.3;95.3;101.5;103.2;131.4;105.4;107.7;..;..
"..REGION XIII (CARAGA)";"….Fruits";101.3;100.5;99.7;98.6;100.0;105.8;109.2;113.6;116.9;111.4;109.8;119.8;117.2;121.9;117.2;120.1;110.8;107.6;..;..
"..REGION XIII (CARAGA)";"….Commercial Crops";125.7;104.8;89.1;80.3;100.0;71.3;78.7;78.1;77.1;76.3;91.3;91.5;93.2;113.0;97.3;124.5;132.4;130.7;..;..
"..REGION XIII (CARAGA)";"..LIVESTOCK AND POULTRY";96.8;99.6;101.5;102.1;100.0;102.0;99.5;100.8;101.4;100.9;97.6;98.5;97.5;101.7;98.8;125.1;130.6;128.8;..;..
"..REGION XIII (CARAGA)";"….Livestock";96.5;99.6;101.8;102.2;100.0;101.6;98.7;100.2;101.0;100.4;95.5;96.6;95.6;100.3;97.0;127.8;133.8;132.4;..;..
"..REGION XIII (CARAGA)";"….Poultry";98.6;99.8;100.0;101.6;100.0;104.1;104.1;103.7;103.0;103.7;104.6;103.7;102.7;103.9;103.7;112.8;116.4;113.0;..;..
"..REGION XIII (CARAGA)";"..FISHERY";94.5;100.6;103.4;101.6;100.0;106.4;104.8;112.1;118.3;110.4;125.7;115.5;115.6;118.0;118.7;110.8;108.8;110.2;..;..
"..REGION XIII (CARAGA)";"….Aquaculture";93.4;106.7;99.3;100.6;100.0;110.6;115.2;104.6;111.7;110.5;99.8;98.4;84.9;84.8;92.0;90.8;81.8;84.9;..;..
"..REGION XIII (CARAGA)";"….Commercial Fishery";92.1;99.7;108.0;100.3;100.0;100.8;97.5;116.3;121.1;108.9;122.5;103.6;108.5;112.0;111.7;122.7;124.9;122.4;..;..
"..REGION XIII (CARAGA)";"….Inland Municipal Fishery";103.3;98.4;102.5;95.8;100.0;102.1;103.1;111.1;112.8;107.3;97.2;106.6;113.1;103.1;105.0;87.5;86.0;84.2;..;..
"..REGION XIII (CARAGA)";"….Marine Municipal Fishery";94.6;99.4;103.6;102.4;100.0;106.2;103.4;112.5;119.0;110.3;115.3;104.5;106.9;110.7;109.4;116.2;116.1;118.1;..;..
"..BANGSAMORO AUTONOMOUS REGION IN MUSLIM MINDANAO (BARMM)";"AGRICULTURE";101.6;101.7;98.4;98.3;100.0;97.5;103.8;99.6;93.5;98.6;99.5;104.1;99.6;91.7;98.7;94.8;93.6;91.2;..;..
"..BANGSAMORO AUTONOMOUS REGION IN MUSLIM MINDANAO (BARMM)";"..CROPS";103.4;101.6;98.2;96.8;100.0;96.9;104.2;99.0;90.2;97.6;99.2;103.4;97.7;87.2;96.9;92.7;90.2;87.1;..;..
"..BANGSAMORO AUTONOMOUS REGION IN MUSLIM MINDANAO (BARMM)";"….Cereals";101.5;103.6;99.3;95.7;100.0;95.8;107.2;86.5;78.7;92.1;77.6;90.6;81.2;69.3;79.7;77.8;85.4;97.2;..;..
"..BANGSAMORO AUTONOMOUS REGION IN MUSLIM MINDANAO (BARMM)";"….Rootcrops";100.1;97.2;95.9;106.8;100.0;117.2;123.1;155.2;128.3;131.0;166.1;148.6;172.4;134.7;155.5;143.3;117.0;92.2;..;..
"..BANGSAMORO AUTONOMOUS REGION IN MUSLIM MINDANAO (BARMM)";"….Beans and Legumes";99.2;99.8;100.5;100.5;100.0;102.0;100.0;110.9;104.6;104.4;77.9;77.9;77.7;77.7;77.8;77.7;77.7;76.0;..;..
"..BANGSAMORO AUTONOMOUS REGION IN MUSLIM MINDANAO (BARMM)";"….Condiments";97.3;98.9;102.8;101.1;100.0;108.8;119.6;107.9;106.6;110.7;109.9;112.0;110.1;113.5;111.4;111.9;102.4;106.5;..;..
"..BANGSAMORO AUTONOMOUS REGION IN MUSLIM MINDANAO (BARMM)";"….Fruit Vegetables";102.0;100.5;98.7;98.8;100.0;99.3;94.8;111.2;102.0;101.8;94.1;63.5;63.0;65.0;71.4;68.3;62.9;62.6;..;..
"..BANGSAMORO AUTONOMOUS REGION IN MUSLIM MINDANAO (BARMM)";"….Leafy Vegetables";107.3;105.1;96.6;91.1;100.0;103.8;107.1;106.8;100.6;104.6;95.5;95.8;94.1;100.5;96.5;98.3;91.5;87.4;..;..
"..BANGSAMORO AUTONOMOUS REGION IN MUSLIM MINDANAO (BARMM)";"….Fruits";106.1;104.4;101.1;88.3;100.0;86.1;89.8;83.3;80.4;84.9;82.1;86.8;80.0;81.7;82.7;83.9;83.8;79.4;..;..
"..BANGSAMORO AUTONOMOUS REGION IN MUSLIM MINDANAO (BARMM)";"….Commercial Crops";107.2;99.9;96.3;96.6;100.0;90.7;95.1;99.4;93.7;94.7;102.3;96.4;87.3;85.9;93.0;86.4;78.3;73.4;..;..
"..BANGSAMORO AUTONOMOUS REGION IN MUSLIM MINDANAO (BARMM)";"..LIVESTOCK AND POULTRY";98.1;100.3;100.9;100.6;100.0;103.6;106.0;109.1;109.9;107.2;121.2;123.6;129.9;131.3;126.5;129.4;132.8;132.9;..;..
"..BANGSAMORO AUTONOMOUS REGION IN MUSLIM MINDANAO (BARMM)";"….Livestock";98.9;100.7;100.7;99.7;100.0;101.2;102.7;105.7;106.3;104.0;106.4;108.3;113.4;113.6;110.4;123.2;126.8;129.5;..;..
"..BANGSAMORO AUTONOMOUS REGION IN MUSLIM MINDANAO (BARMM)";"….Poultry";95.0;98.6;101.9;104.5;100.0;113.8;121.0;124.1;125.9;121.2;127.6;131.1;139.6;145.6;136.0;152.1;154.5;144.1;..;..
"..BANGSAMORO AUTONOMOUS REGION IN MUSLIM MINDANAO (BARMM)";"..FISHERY";95.8;102.4;98.2;103.6;100.0;98.5;102.0;99.4;103.7;100.9;96.1;102.5;100.9;102.8;100.6;96.0;99.7;100.4;..;..
"..BANGSAMORO AUTONOMOUS REGION IN MUSLIM MINDANAO (BARMM)";"….Aquaculture";93.0;100.8;100.7;105.5;100.0;101.1;104.6;101.0;109.5;104.1;99.8;118.3;120.4;117.7;114.1;115.2;115.6;120.0;..;..
"..BANGSAMORO AUTONOMOUS REGION IN MUSLIM MINDANAO (BARMM)";"….Commercial Fishery";100.5;101.2;97.2;101.1;100.0;96.4;94.6;87.1;89.9;92.0;88.8;84.0;79.7;85.5;84.5;80.7;77.7;74.4;..;..
"..BANGSAMORO AUTONOMOUS REGION IN MUSLIM MINDANAO (BARMM)";"….Inland Municipal Fishery";90.4;112.5;92.8;104.3;100.0;95.4;110.7;92.3;102.9;100.3;89.2;105.9;105.3;104.1;101.1;85.0;106.4;115.1;..;..
"..BANGSAMORO AUTONOMOUS REGION IN MUSLIM MINDANAO (BARMM)";"….Marine Municipal Fishery";98.2;101.1;98.2;102.6;100.0;96.9;99.5;107.6;105.9;102.5;102.2;101.1;98.5;102.0;101.0;92.9;97.6;96.7;..;..
